Model,Accuracy,Precision,Recall,F1 Score,AUC Score,MCC
Logistic Regression,0.8438571270596041,0.4140776699029126,0.8062381852551985,0.5471456061577935,0.9051362845978932,0.5020186439471617
Decision Tree,0.8215194072763463,0.3730593607305936,0.7722117202268431,0.5030788177339901,0.8400520588579958,0.4503606107005843
KNN,0.8817870175826606,0.490787269681742,0.276937618147448,0.3540785498489426,0.7725283583467584,0.3091878027688301
Naive Bayes,0.8690699988941722,0.4482758620689655,0.5160680529300568,0.4797891036906854,0.8285274966175947,0.4066380318423238
Random Forest,0.8809023554130266,0.4935767410412441,0.6899810964083176,0.5754828537642885,0.9117881708733175,0.5180814108955581
XGBoost,0.9055623133915736,0.6363636363636364,0.4499054820415879,0.5271317829457365,0.9257550487504335,0.48523179000049216
